ID,Товар,Цена,Остаток
1,кейс для рыбалки до 44 секций,260,1
2,"Ведро складное для прикормки и малька ""Следопыт"" 11 л",204,50
3,"Ведро складное для прикормки и малька ""Следопыт"" 9 л",194,100
4,Жерлицы зимние бело-синие (не оснащенные),54,60
5,Жерлицы зимние бело-синие (оснащенные),73,7
6,Жерлицы зимние щука (оснащенная),73,1
7,"Жерлица"" Кружок"" Неоснащёная с светонакопительный флуоресцентым шестиком (светится в темноте)",56,1100
8,"Жерлица"" Кружок"" Оснащёная с светонакопительный флуоресцентым шестиком (светится в темноте)",72,5100
9,"Катушка 'ERAFISHING"" XS-200 в коробке",102,646
10,"Катушка 'ERAFISHING"" XS-200 без коробки",97,548
11,Катушка безинарционная KAIDA EHQ 02 2000,631,42
12,Катушка безинарционная KAIDA EHQ 02 3000,670,1
13,Катушка ERAFIHING ERA-777 5+1 4000 желтая,534,40
14,Катушка безинарционная KAIDA EHQ 02 4000,660,1
15,Катушка безинарционная KAIDA EHQ 02 5000,699,2
16,Катушка ERAFIHING ERA-777 5+1 5000 желтая,563,4
17,Нож для бура Тонар ЛР-100(L) (левое вращение),340,40
18,Нож для бура Тонар ЛР-100(R) (правое вращение),340,70
19,Нож для бура Тонар ЛР-130(L) (левое вращение),364,180
20,Нож для бура Тонар ЛР-150(L) (левое вращение),403,118
21,Нож для бура Тонар ЛР-150(R) (правое вращение),403,35
22,Кормушка OCTOPUS 100 гр,59,24
23,Кормушка OCTOPUS 40 гр,59,186
24,Кормушка OCTOPUS 50 гр,59,4
25,Кормушка OCTOPUS 60 гр,59,2
26,Кормушка OCTOPUS 70 гр,59,42
27,Кормушка OCTOPUS 80 гр,59,57
28,Кормушка OCTOPUS 90 гр,59,42
29,Косынка рыболовная 18 мм упаковка (10шт),136,47
30,Косынка рыболовная 20 мм упаковка (10шт),136,66
31,Косынка рыболовная 22 мм упаковка (10шт),136,48
32,Косынка рыболовная 25 мм упаковка (10шт),136,69
33,Косынка рыболовная 27 мм упаковка (10шт),136,2
34,Косынка рыболовная 30 мм упаковка (10шт),136,194
35,Косынка рыболовная 35 мм упаковка (10шт),136,137
36,Косынка рыболовная 40 мм упаковка (10шт),136,79
37,Крючки KAIDA PRO FISHING-HOOKS №5,25,1552
38,Крючки KAIDA PRO FISHING-HOOKS №15,25,1554
39,Крючки KAIDA PRO FISHING-HOOKS №14,25,1418
40,Крючки KAIDA PRO FISHING-HOOKS №12,25,1564
41,Крючки KAIDA PRO FISHING-HOOKS №11,25,1560
42,Крючки KAIDA PRO FISHING-HOOKS №10,25,1560
43,Крючки KAIDA PRO FISHING-HOOKS №9,25,1563
44,Крючки KAIDA PRO FISHING-HOOKS №8,25,1565
45,Крючки KAIDA PRO FISHING-HOOKS №7,25,1563
46,Крючки KAIDA PRO FISHING-HOOKS №6,25,1556
47,Крючки X00813A6 #5 HIGH CARBON HOOKS,9,750
48,Крючки X00813A6 #7 HIGH CARBON HOOKS,9,750
49,Крючки X00813A6 #9 HIGH CARBON HOOKS,9,750
50,Крючки X00813A6 #10 HIGH CARBON HOOKS,9,750
51,Крючки X00813A6 #11 HIGH CARBON HOOKS,9,750
52,Крючки X00813A6 #12 HIGH CARBON HOOKS,9,750
53,Кукан 10 карабинов с поплавком в сумке,194,2
54,Насос 5 литров для лодок ПВХ,418,23
55,Насос 7 литров для лодок ПВХ из влагостойкой фанеры,757,51
56,"Нож туристический ""следопыт"" дл. Клинка 65 мм",148,180
57,"Мультитул ""Следопыт"" 90х23х20 мм, 11 предметов в коробке",216,86
58,"Мультитул ""Следопыт""  10 предметов в коробке",198,37
59,Складной Подсак 180 см,224,131
60,Пучковяз,44,142
61,Пучковяз в банке,117,53
62,"Садок 1,5 метра в чехле",388,7
63,Садок 3 кольца 70см в чехле,68,277
64,"Зимняя палатка ""ERAFISHING"" автомат. 3 место, р-р 2,0 м*2,0 м*1,35 м (белый кмф)",932,5
65,"Палатка ""СТЭК"" КУБ 3 местная 2,2х2,2х2,05м",7954,8
66,Кормушка Супер карась 15 гр,54,2
67,Кормушка Супер карась 20 гр,54,8
68,Кормушка Супер карась 25 гр,54,49
69,Сетка для Сушки рыбы 40/3,340,1
70,Сетка для Сушки рыбы 50/3,388,208
71,Кормушка Убийца карася 15 гр,44,4
72,Кормушка Убийца карася 20 гр,44,33
73,Удочка телескопическая 1.8 м,107,132
74,Удочка телескопическая 2.1 м,127,1
75,Удочка телескопическая 2.4 м,146,148
76,Удочка телескопическая 2.7 м,161,150
77,Удочка телескопическая 3 м,204,39
78,"Удочка телескопическая 3,6 м",253,50
79,"Фонарик факел ""Следопыт""",175,65
80,Чехол для удочки 130см,340,1
81,Чехол для удочки 150 см,379,27
82,Ящик для рыбалки и инструментов CAYME 2 яруса,395,15
83,Ящик для рыбалки и инструментов CAYME 3 яруса,484,17
84,Кейс для рыбалки Fishka 50,449,20
85,Сигнализатор Электроный HBL - 01,73,157
86,"Грелки химические для ступней ног ""Следопыт""",39,8
87,"Грелки химические для тела и рук ""Следопыт""",49,218
88,"Грузила В коробке ""большая упаковка""",39,842
89,Жерлицы черные зимние оснащенные с угл. стойкой 10шт с сумкой,631,10
90,Жерлица зимняя черная с угл. стойкой оснащенная,64,569
91,Жерлица зимняя черная с угл. Стойкой,49,500
92,Жерлица зимняя с прямой стойкой оснащенная черная,64,5
93,"Коробка малая для рыбалки ,5 ячеек, красная",127,10
94,"Набор подарочный ""для ловли на Донка""  144 предмета",1843,21
95,"Набор подарочный ""Для ловли Хищника""  108 предметов",2619,50
96,"Набор подарочный ""Для ловли на Поплавок""  182 предмета",1698,16
97,Коробочка Под балансиры белая 60мм,64,109
98,Коробочка Под балансиры желтая 60мм,64,30
99,Коробочка Под балансиры оранжевая 60мм,64,3
100,Раколовка Гармошка 3м,437,11
101,Раколовка Гармошка 4м,582,19
102,Раколовка Зонтик 10 входов,224,275
103,Раколовка Зонтик 12 входов,243,387
104,Раколовка Зонтик 8 входов,214,61
105,"Термобелье FISHONIX чёрное ""XXL""",670,286
106,"Термобелье FISHONIX чёрное ""M""",670,310
107,"Термобелье FISHONIX чёрное ""L""",670,862
108,"Термобелье FISHONIX чёрное ""XL""",670,473
109,"Удочка маховая Mikado princess 5,4м",330,24
110,"Удочка маховая  Mikado princess 6,3м",369,35
111,"Удочка маховая Mikado princess 7,2м",408,30
112,"Балансиры разные ""яман"", и др. большая часть фото балансиров есть в ""больше фото"" по ссылке. В Сызрани можем привезти всю коробку для выбора реальному покупателю",54,675
113,"Рыбки Силиконовые с крючками  8-9гр, разного цвета, цена за шт",30,25
114,КОРМУШКА КЗ-1 зимняя Самосвал оснащенная,51,22
115,МОТЫЛЬНИЦА КВАДРАТНАЯ средняя (60*80*30),30,123
116,Мормышка ПРИЩЕПКА кр. Мустад (уп/3шт),93,22
117,"ЧЕРПАК для льда пластиковый ""Три Кита"" (цвет зеленый)",49,22
118,Набор для зимней рыбалки Ice Master в блистере №2 (макси),224,22
119,"Спрей зимний ""ICY"" ""УНИВЕРСАЛ"" 50мл",68,22
120,"Мотыль гранулированный ""ICY"" 3мм с кровью и экстрактом мотыля 200гр",49,72
121,"УДОЧКА зимняя ""Балалайка"" УС- 1 (хлыст поликарб.) АССОРТИ",49,42
122,Наживка искусст. Мотыль Аромат.(ваниль),7,1
123,Наживка искусст. Мотыль Аромат.(конопля),7,2
124,Сторожок В-2 витой АССОРТИ 3- 4гр,12,22
125,"Сторожок ниппельный №1 (0,4-3гр.)",8,22
126,"Сторожок М-2Ф (0,5- 1,7гр)",20,21
127,"Силиконовая насадка ""ENERGY BAIT"" ОПАРЫШ (XL),  (80шт)",117,22
128,ПОПЛАВОК зимний тип 1 средний h-18мм,10,42
129,Ящик серый+кейс Fishka 40(5шт),2425,3
130,Ящик серый+кейс Fishka 50(4шт),2086,3
131,Ящик серый+кейс Fishka 65(3шт),1746,3
132,Ящик серый+кейс Fishka(65-50-40-40),2086,1
133,Ящик серый+кейс Fishka(65-50-50-40),2086,1
134,Ящик серый+кейс Fishka(50-50-40-40),2086,1
135,"Леска ""IGUANA"" 100м 0,28мм",34,147
136,"Плетеный шнур 100m ""BRIGADE"" 0.10",59,97
137,"Леска NAMAZU ""Amida"" 30м d-0,1 test 1,5kg прозрачная",30,39
138,"Леска NAMAZU ""Irida"" 100м d-0,14 test 1,98kg прозрачная",45,75
139,Леска KAIDA NILON Line 0.3 100 метров,34,20
140,"Удочка зимняя Namazu ""Zander"" с катушкой, сьемные ножки, файбергласс",85,122
141,"Вертлюг Namazu ROLLING SWIVEL, латунь, цв. BN, р. 7, test-14 кг (уп. 10 шт)",20,84
142,"Воблеры разных размеров и цветов, часть фото Воблеров есть в ""больше фото"" по ссылке. В Сызрани можем привезти всю коробку для выбора реальному покупателю",88,293
143,"Вращалка разных размеров и цветов 2 - 8гр, часть фото Вращалок есть в ""больше фото"" по ссылке. В Сызрани можем привезти всю коробку для выбора реальному покупателю",39,292
144,"Грузила ""Оливки"" 4гр шт",2,944
145,Двойники #4 25шт в упаковке,156,44
146,Джиголовка от 3 до 18гр,9,863
147,"Карабин Namazu INSURANCE SNAP, цв. BN, р. 0, test-9 кг (уп. 10 шт)",22,421
148,Кембрики в коробке,20,76
149,Колебалка NAMAZU и др. разных размеров и форм от 7 до 15гр,44,475
150,Сигнализатор поклёвки двойной бубенчик с зажимом (уп/100 штук),485,9
151,Крючки в коробке 50 штук,20,144
152,"Бойлики МАСТЕР КАРП d 6мм (уп.20шт) ""АНИС""",39,141
153,"Бойлики МАСТЕР КАРП d 6мм (уп.20шт) ""Конопля""",39,165
154,"Бойлики МАСТЕР КАРП d 6мм (уп.20шт)""МЁД""",39,112
155,Набор поплавок с намотка,18,241
156,Ножницы рыболовные для лески и плетёнки,18,142
157,"Набор поводков ""ERAFISHING"" (60шт/уп)",175,8
158,Поплавки разные,194,20
159,"Светлячки «SMS» 4,5×38 мм, 100 шт",466,4
160,"Электронный сигнализатор для клёва (200 шт/уп), зелёный.",970,2
161,"Набор стопоров рыболовных, цвет: чёрный (50 компл./уп.)",127,7
162,Набор силиконовых приманок (уп.100шт),194,2
163,"Твистер МИНИ 1 дюйм белый (2,5 см) (уп/100шт)",117,10
164,"Силиконовая приманка ACTION PLASTICS Curl Tail Grub 5,5см цв81 (20шт)",39,100
165,"Силиконовая приманка ACTION PLASTICS Curl Tail Grub 8,5см цв07 (20шт)",39,100
166,Силиконовая приманка ACTION PLASTICS Curl Tail Worm 6 - 071 (уп.6шт),44,100
167,Силиконовая приманка ACTION PLASTICS Mag Grub 3 - 023 (уп.10шт),59,100
168,"Твистер двойной 1,5 дюйм коралловый (3,5 см) (уп/100шт)",194,100
169,Силиконовая приманка ACTION PLASTICS Shad Minnow 3 - 102 (уп.10шт),49,100
170,"Слаг YAMAN PRO Devos Fry, р.1,6 inch, цвет #08 - Violet (уп.10шт)",46,60
171,"Слаг YAMAN PRO Devos Fry, р.1,6 inch, цвет #21 - Magic Violet (уп.10шт)",46,30
172,"Слаг YAMAN PRO Stick Fry, р.1,8 inch, цвет #02 - Chartreuse (уп. 10 шт.)",44,6
173,"Виброхвост YAMAN PRO Flatter Shad, р.2 inch, цвет #08 - Violet (уп.6 шт)",54,
174,"Виброхвост YAMAN PRO Legend Minnow, р.2 inch, цвет #08 - Violet (уп.6 шт)",49,
175,Ведро хозяйственное складное 10 Литров,325,3
176,Ведро хозяйственное складное 15 Литров,437,2
177,Ведро хозяйственное складное 5 Литров,277,4
178,Безмен до 50кг,117,175
179,"Канистра складная ""Следопыт"" 15 л",394,1
180,"Канистра складная ""Следопыт"" 20 л",308,12
181,Мыльница металлическая с креплением на кран,117,998
182,Колодка торм. перед. Лада 2110 с датчиком HF 350 805,350,1
183,Насос омывателя ВАЗ 2110 HF 744 084,127,30
184,"Насос топливный электрический ВАЗ 2180 Vesta  (120л/с, 400кПа) HF 830 306",466,1
185,Регулятор холостого хода ВАЗ 2110 HF 750 381,330,60
186,Упоры/Амортизатор задней двери газовый ВАЗ 2111 HF 522 203 (600\350\250\430N),324,1
187,"Фильтр масляный ВАЗ 2105, 2108",136,73
188,"Щетка стеклооч. гибридная 410мм (16"")  1шт ""HOFER""",238,30
189,"Щетка стеклооч. гибридная 600мм (24"")  1шт ""HOFER""",256,30
190,"Ремкомплект ШРУСа наружнего  ""HOFER"" ВАЗ 2108 - 2110 HF 401 902",214,50
191,"Ремкомплект ШРУСа наружнего ""HOFER"" ВАЗ 2121 - 2123 HF 401 903",243,50
192,"Ремкомплект ШРУСа внутреннего ""HOFER"" ВАЗ 2108 - 2110",228,50
193,Термостат ВАЗ 1118 в сборе  (85°С) HF 445 910,631,20
194,Самоклеящиеся термоэтикетки (ТОП) 58х40/40-700шт,102,1
195,Самоклеящиеся термоэтикетки (ЭКО) 43х25/40-900шт,78,40
196,"Скотч ширина 48мм, длина 100м",68,69
197,Пакет из воздушно - пузырчатой пленки 400*500 мм,12,244
198,Пакет из воздушно - пузырчатой пленки 300*350 мм,7,1394
199,"Пленка ПВД рукав прозрачный 0,05х(250х2) цена за кг",127,78
200,"Пленка ПВД рукав прозрачный 0,05х(450х2)",127,90
201,"Пленка ПВД рукав прозрачный 0,05х(400х2) цена за кг",127,35
202,"Пленка ПВД рукав прозрачный 0,05х(300х2) цена за кг",127,210
203,"Пленка ПВД рукав прозрачный 0,05х(200х2) цена за кг",127,81
204,"Пленка ПВД рукав прозрачный 0,1х(150х2) цена за кг",127,5
205,"Пленка ПВД рукав черный 0,1х(100х2) цена за кг",127,109
206,"Воздушно-пузырчатая пленка двухслойная 1,2 м * 100 п.м (120 кв.м.)",2231,4
207,коробка 600х400х400,44,2672
208,коробка 340х340х300,37,372
209,коробка 320х320х240,32,315
210,коробка 280х280х190,25,148
211,коробка 340х340х180,32,310
212,коробка 220х170х170,18,165
213,коробка 400х200х210,26,2027
214,ЗИП ЛОК пакет 80х120мм,1,939
215,Стренч пленка для заполечивания поддонов,340,93
216,"Штабелер OXLIFT AX1235 (состояние отличное, почти не пользовались)",155200,1
217,"Фронтальнй палетный стеллаж ""МЕТАЛЛ РЭК"", 10шт 2 ярусных",242500,
218,"Камера для видеонаблюдения, WI-FI",1455,9
219,"Принтер этикеток TSC TE200 (203dpi, USB) термотрансферный для наклеек/этикеток",7760,1
220,Принтер Pantum M6500 МФУ лазернsq черно-белое,9700,1
221,Столы,970,4
222,Стеллаж,2425,1
